{
  "category_accuracy": [
    0.23986928164958954,
    0.24923747777938843,
    0.4843137264251709,
    0.730501115322113,
    0.7588235139846802,
    0.7494553327560425,
    0.7516340017318726,
    0.7577341794967651,
    0.7601307034492493,
    0.7494553327560425,
    0.7544662356376648,
    0.7677559852600098,
    0.7455337643623352,
    0.7479302883148193,
    0.7542483806610107
  ],
  "val_category_accuracy": [
    0.23333333432674408,
    0.2450980395078659,
    0.5196078419685364,
    0.7666666507720947,
    0.7666666507720947,
    0.7196078300476074,
    0.7196078300476074,
    0.7666666507720947,
    0.7196078300476074,
    0.7666666507720947,
    0.7196078300476074,
    0.7666666507720947,
    0.7196078300476074,
    0.7666666507720947,
    0.7666666507720947
  ],
  "loss": [
    1.5059043169021606,
    1.4993611574172974,
    0.9763210415840149,
    0.4704516530036926,
    0.3812657296657562,
    0.3770086169242859,
    0.37324196100234985,
    0.36981043219566345,
    0.3702315390110016,
    0.3702647387981415,
    0.36818525195121765,
    0.368013471364975,
    0.3707398474216461,
    0.36786583065986633,
    0.36791354417800903
  ],
  "val_loss": [
    1.500001072883606,
    1.3706070184707642,
    0.6367011070251465,
    0.3804839849472046,
    0.37864482402801514,
    0.3897724151611328,
    0.3929402828216553,
    0.37967246770858765,
    0.3805694878101349,
    0.3784525990486145,
    0.38309749960899353,
    0.37860023975372314,
    0.383987694978714,
    0.3798306882381439,
    0.37989330291748047
  ],
  "test_category_accuracy": 0.7377777695655823,
  "test_priority_mae": 0.35536253452301025
}