{
  "accuracy": [
    0.25032681226730347,
    0.9001089334487915,
    0.9684095978736877,
    0.9819172024726868,
    0.9833333492279053,
    0.9868191480636597,
    0.9838780164718628,
    0.9905228614807129,
    0.9928104281425476,
    0.9924836754798889,
    0.992701530456543,
    0.9893246293067932,
    0.9934640526771545
  ],
  "val_accuracy": [
    0.841176450252533,
    0.9509803652763367,
    0.9843137264251709,
    0.9882352948188782,
    0.9843137264251709,
    0.9823529124259949,
    0.9813725352287292,
    0.9911764860153198,
    0.9892156720161438,
    0.9843137264251709,
    0.9901960492134094,
    0.9872549176216125,
    0.9882352948188782
  ],
  "loss": [
    2.3113808631896973,
    0.3452857434749603,
    0.11769665777683258,
    0.06823022663593292,
    0.05479805916547775,
    0.04656869173049927,
    0.057956915348768234,
    0.03156782314181328,
    0.02273525483906269,
    0.024572167545557022,
    0.022597163915634155,
    0.02967020310461521,
    0.01829039491713047
  ],
  "val_loss": [
    0.745853066444397,
    0.12002203613519669,
    0.05450017750263214,
    0.03806988149881363,
    0.058737289160490036,
    0.050573524087667465,
    0.04626929759979248,
    0.0271669439971447,
    0.023397793993353844,
    0.040149789303541183,
    0.028576277196407318,
    0.03404472395777702,
    0.022550180554389954
  ],
  "test_accuracy": 0.9883333444595337,
  "test_loss": 0.04444451630115509
}