{
  "accuracy": [
    0.010471204295754433,
    0.026178009808063507,
    0.04188481718301773,
    0.015706805512309074,
    0.03664921596646309,
    0.04712041839957237,
    0.10471203923225403,
    0.16753926873207092,
    0.30890053510665894
  ],
  "val_accuracy": [
    0.0,
    0.0,
    0.0,
    0.0,
    0.0,
    0.0,
    0.0,
    0.0,
    0.0
  ],
  "loss": [
    3.900376796722412,
    3.8193750381469727,
    3.7061092853546143,
    3.716928482055664,
    3.6386823654174805,
    3.616044044494629,
    3.5313971042633057,
    3.4575061798095703,
    3.3539531230926514
  ],
  "val_loss": [
    5.0650482177734375,
    5.029237270355225,
    5.262203216552734,
    5.5248870849609375,
    5.711226463317871,
    5.86474084854126,
    5.8870368003845215,
    5.917085647583008,
    5.981488227844238
  ]
}