{
  "accuracy": [
    0.9895424842834473,
    1.0,
    1.0,
    1.0,
    1.0,
    1.0,
    1.0,
    1.0
  ],
  "val_accuracy": [
    0.3176470696926117,
    0.8333333134651184,
    1.0,
    1.0,
    1.0,
    1.0,
    1.0,
    1.0
  ],
  "loss": [
    0.08301667869091034,
    0.003059106646105647,
    0.0014567608013749123,
    0.0007659184047952294,
    0.0006182618089951575,
    0.00041905828402377665,
    0.00030571167008019984,
    0.0002855459460988641
  ],
  "val_loss": [
    1.6850342750549316,
    0.5257823467254639,
    0.009340289980173111,
    6.049279909348115e-05,
    8.166711268131621e-06,
    2.514376092221937e-06,
    1.4702460475746193e-06,
    8.379706173400336e-07
  ],
  "test_accuracy": 1.0,
  "test_loss": 0.009517285972833633
}